<?xml version="1.0" encoding="UTF-8"?>
<web-app xmlns:xsi="http://www.w3.org/2001/XMLSchema-instance" xmlns="http://xmlns.jcp.org/xml/ns/javaee" xsi:schemaLocation="http://xmlns.jcp.org/xml/ns/javaee http://xmlns.jcp.org/xml/ns/javaee/web-app_4_0.xsd" id="WebApp_ID" version="4.0">
  <display-name>LoginServlet</display-name>
  <welcome-file-list>
    <welcome-file>index1.html</welcome-file>
   
  </welcome-file-list>
  
  <servlet>
    <servlet-name>LoginServlet</servlet-name>
    <servlet-class>LoginServlet</servlet-class>
  </servlet>
  <servlet>
    <servlet-name>Dashboard</servlet-name>
    <servlet-class>Dashboard</servlet-class>
  </servlet>
 
  <servlet-mapping>
    <servlet-name>Dashboard</servlet-name>
    <url-pattern>/Dashboard</url-pattern>
  </servlet-mapping>
   <servlet-mapping>
    <servlet-name>LoginServlet</servlet-name>
    <url-pattern>/LoginServlet</url-pattern>
  </servlet-mapping>
</web-app>
