<?xml version="1.0" encoding="UTF-8"?>
<web-app xmlns:xsi="http://www.w3.org/2001/XMLSchema-instance" xmlns="http://xmlns.jcp.org/xml/ns/javaee" xsi:schemaLocation="http://xmlns.jcp.org/xml/ns/javaee http://xmlns.jcp.org/xml/ns/javaee/web-app_4_0.xsd" id="WebApp_ID" version="4.0">

  <display-name>URLRewriteDemo</display-name>
  <welcome-file-list>
    <welcome-file>index2.html</welcome-file>

  
  </welcome-file-list>
  
  <servlet>
    <servlet-name>Urlrewrite</servlet-name>
    <servlet-class>Urlrewrite</servlet-class>
  </servlet>
  <servlet>
    <servlet-name>dashb</servlet-name>
    <servlet-class>dashb</servlet-class>
  </servlet>
 
  <servlet-mapping>
    <servlet-name>dashb</servlet-name>
    <url-pattern>/dashb</url-pattern>
  </servlet-mapping>
   <servlet-mapping>
    <servlet-name>Urlrewrite</servlet-name>
    <url-pattern>/Urlrewrite</url-pattern>
  </servlet-mapping>
  
</web-app>
