<?xml version="1.0" encoding="UTF-8"?>
<web-app xmlns:xsi="http://www.w3.org/2001/XMLSchema-instance" xmlns="http://xmlns.jcp.org/xml/ns/javaee" xsi:schemaLocation="http://xmlns.jcp.org/xml/ns/javaee http://xmlns.jcp.org/xml/ns/javaee/web-app_4_0.xsd" id="WebApp_ID" version="4.0">
  <display-name>Login</display-name>
  <welcome-file-list>
    <welcome-file>index3.html</welcome-file>
 
  </welcome-file-list>
  
  <servlet>
    <servlet-name>Login</servlet-name>
    <servlet-class>Login</servlet-class>
  </servlet>
  <servlet>
    <servlet-name>Dashbor</servlet-name>
    <servlet-class>Dashbor</servlet-class>
  </servlet>
 
  <servlet-mapping>
    <servlet-name>Dashbor</servlet-name>
    <url-pattern>/Dashbor</url-pattern>
  </servlet-mapping>
   <servlet-mapping>
    <servlet-name>Login</servlet-name>
    <url-pattern>/Login</url-pattern>
  </servlet-mapping>
</web-app>
