<?xml version="1.0" encoding="UTF-8"?>
<web-app xmlns:xsi="http://www.w3.org/2001/XMLSchema-instance" xmlns="http://xmlns.jcp.org/xml/ns/javaee" xsi:schemaLocation="http://xmlns.jcp.org/xml/ns/javaee http://xmlns.jcp.org/xml/ns/javaee/web-app_4_0.xsd" id="WebApp_ID" version="4.0">
  <display-name>HTTPSessionDemo</display-name>
  <welcome-file-list>
    <welcome-file>index4.html</welcome-file>
   
  </welcome-file-list>
  
  <servlet>
    <servlet-name>LoginSer</servlet-name>
    <servlet-class>LoginSer</servlet-class>
  </servlet>
  <servlet>
    <servlet-name>Dash</servlet-name>
    <servlet-class>Dash</servlet-class>
  </servlet>
 
  <servlet-mapping>
    <servlet-name>Dash</servlet-name>
    <url-pattern>/Dash</url-pattern>
  </servlet-mapping>
   <servlet-mapping>
    <servlet-name>LoginSer</servlet-name>
    <url-pattern>/LoginSer</url-pattern>
  </servlet-mapping>
</web-app>
